{"cameraMode":{"drawMode":0,"name":"Shaded","section":"Shading Mode"},"sceneLighting":true,"audioPlay":false,"sceneViewState":{"m_AlwaysRefresh":true,"showFog":true,"showSkybox":true,"showFlares":true,"showImageEffects":true,"showParticleSystems":true,"showVisualEffectGraphs":true,"m_FxEnabled":true},"in2DMode":false,"pivot":{"x":25.5496883392334,"y":-18.623376846313478,"z":-125.89872741699219},"rotation":{"x":0.0012258091010153294,"y":0.9978231191635132,"z":-0.0632561445236206,"w":0.019446231424808503},"size":79.58030700683594,"orthographic":false}