{"cameraMode":{"drawMode":0,"name":"Shaded","section":"Shading Mode"},"sceneLighting":true,"audioPlay":false,"sceneViewState":{"m_AlwaysRefresh":true,"showFog":true,"showSkybox":true,"showFlares":true,"showImageEffects":true,"showParticleSystems":true,"showVisualEffectGraphs":true,"m_FxEnabled":true},"in2DMode":false,"pivot":{"x":96.9186782836914,"y":0.012589186429977417,"z":-46.465240478515628},"rotation":{"x":0.0024341305252164604,"y":0.9214689135551453,"z":-0.005821701604872942,"w":0.38848891854286196},"size":55.92733383178711,"orthographic":false}